{
  "total_samples": 100,
  "embedding_dim": 2048,
  "full_dataset_size": 15000,
  "full_language_distribution": {
    "de": 3000,
    "en": 3000,
    "es": 3000,
    "fr": 3000,
    "it": 3000
  },
  "sampled_language_distribution": {
    "de": 18,
    "en": 15,
    "es": 22,
    "fr": 25,
    "it": 20
  },
  "sample_size": 100,
  "sample_seed": 42,
  "sampled_indices_in_full_dataset": [
    655,
    953,
    1015,
    1142,
    1281,
    1329,
    1375,
    1404,
    1457,
    1911,
    1945,
    2096,
    2307,
    2407,
    2468,
    2724,
    2836,
    2910,
    3003,
    3393,
    3398,
    3592,
    4134,
    4323,
    4681,
    4876,
    4945,
    5298,
    5441,
    5486,
    5533,
    5545,
    5809,
    6006,
    6148,
    6454,
    6524,
    6541,
    6549,
    6620,
    6661,
    6719,
    6725,
    6931,
    6979,
    7029,
    7124,
    7444,
    7465,
    7655,
    7850,
    8142,
    8175,
    8282,
    8455,
    9437,
    9550,
    9610,
    9755,
    10033,
    10134,
    10218,
    10236,
    10280,
    10396,
    10467,
    10494,
    10701,
    10972,
    11120,
    11143,
    11327,
    11351,
    11361,
    11509,
    11533,
    11636,
    11664,
    11724,
    11912,
    12065,
    12282,
    12363,
    12475,
    12476,
    12528,
    12619,
    12798,
    12820,
    13260,
    13350,
    13466,
    13553,
    13801,
    13831,
    14086,
    14477,
    14508,
    14548,
    14984
  ],
  "row_order": "sorted by language dir name, then parquet row index, then sampled by seed",
  "input_composition": "query text + page image per row (combined)",
  "instruction": "Retrieve images or text relevant to the user's query.",
  "model": "/dev/shm/vllm/vllm_baseline/Qwen3-VL-Embedding-2B",
  "embed_elapsed_seconds": 9.71138851402793,
  "embed_per_sample_ms": 97.11388514027931,
  "ids": [
    "de_22_48848a581d5e4a5e206499100cd142dbe68c1144",
    "de_18_ac2a4a35fc84a075ceb98b997f72116e289bd88f",
    "de_34_44e4b71ab42ee1b618c416f10572cfe3ed93edf5",
    "de_2_b3984062f1b120c2db6f035ab7dc8a0dd44d1c62",
    "de_14_d444746da77ef62003e8b86e5cc7731682f831c9",
    "de_27_198dc3aca60b8b46ff022027ae5a32704a3374fc",
    "de_172_f1badd57876446d26206a55014a80001f4780ae8",
    "de_17_38f9659d6948cdddfde6f302b1f66203a146bc16",
    "de_5_6cbbeef0df91ab710026d3699b2200de49c180f3",
    "de_53_1e26d7efe14e4c369c9fc32cca7228593dea1af7",
    "de_16_f7c9df6439f74691fc945d2bf858dc03e5f9de43",
    "de_1_bd85435557180f49a7f47779dce8b0120f7c955d",
    "de_13_6907bebac9e08221b048c5818abbe2206c5b09a4",
    "de_12_4c9df2e94e28dbda432a101af9554087a5c51faf",
    "de_1_adcf2872e04f6ebce6a8f1444a9b959e4551ff35",
    "de_0_e4a81eb49dabff119958857f5c876e1427102741",
    "de_0_e53bc321446dbaeda244531a5d16aa114275ee38",
    "de_1_f8c4732fc0a339e9ceb05899a53a7dab2b33bdce",
    "en_163_8b9bf32010bb4c09e059ebaa8b73e203e1de1889",
    "en_57_729952426c0258e042eee7b20feb61e92860f775",
    "en_57_63438798ce0959508caaf51d1e70d9230de82bd3",
    "en_56_6a23c3d042229e05955bdb4c0503835c94210a92",
    "en_10_334544fbd6f1e31d683878d6e227723428e21d69",
    "en_19_00ec9ac43b01c2d764873bdba5298591ffae56bb",
    "en_23_9c3e346302c12bce3b34dbeae2dd43b0f9ab683f",
    "en_2_d041ff672fa84cf87f0ffe04ea2d4e64289725e6",
    "en_286_f10fa252c1e5d23e28745a6f582b876bd8012321",
    "en_201_93036193a170a3cd9ae483fe52b673f4cd6c8064",
    "en_54_e9d204ef5a291a6ba3b330c4cdb08b7d7ccfb5a7",
    "en_7_d1d51c62ea7f7050a2e392ef00c344fede0ed082",
    "en_14_fcff9ab7657ff8a1c2ffebe767d282362c3493bf",
    "en_120_f4de67944e2ae1d2935f5a9e3abb3a7c2e8b2913",
    "en_3_02bec50294a3f5332c338e7197454df8b1604308",
    "es_1_7ebdba7ca02c122b133f8ce5528b8f9e96fc52f8",
    "es_161_be51fe36f1e349c56049e12a021b7d8c1538cb43",
    "es_47_87e184fd1fe452363f1d821a378986a525e12bde",
    "es_25_2326cb44c6ab5a638798ef41a5590dffdd3d28cc",
    "es_240_e4a557a6892cb181923a5f5f70dc856d03bd62d5",
    "es_24_9cd70eb78be2048d28940313d41d248948f3e775",
    "es_4_785040ba8a49202f936c2c018298bd1fc74f38c0",
    "es_448_d53bc5cb48292427447f6dc0ba7c3b0b28d0e241",
    "es_45_38aeb38ec7a4451e09002da038e02d216ba429c6",
    "es_69_58bde16f8842ec997794f6171ab0de8cd38ac70e",
    "es_66_298e379ff9108cc0f0c28df6eca3d953cacf37f4",
    "es_42_9fcfa9de92eb1cab2f84111d014b13df0554d323",
    "es_2_659fb506c540bf8403a9875acb32b3c1e04ff479",
    "es_2_608c3504f08f24135cb2ec609744b92ccf5c9ab7",
    "es_57_95f8a8077fe56f129af071d23bc1409959573871",
    "es_7_9393f789963f72e6fecf11ddf8f6996694be8014",
    "es_0_10db781ab3cdb3098436d4be343e60d8efbb4a39",
    "es_9_96c573bfec09456d057857c771265e6cc76c6d5a",
    "es_294_d9a6ee2f4d07c35e8beda11ddf93abeecc90d583",
    "es_18_49934fd9b4a99f067a30d84860f7a8b770be6f99",
    "es_3_542aedfb7123b486738f70d8fc38261417278549",
    "es_2_0ee5ba0c73b2f985b38b4484f8ab55a8cfc40fa9",
    "fr_33_1aa850f4393f4c3a1331a2d823cd963b16ded860",
    "fr_5_618c6f433cf0bb5913aed0e33bc6212d85879b1a",
    "fr_68_3ff9de74ed51fe01d1a194020042fc286f1bb696",
    "fr_22_092764d4d216b8c455cf287b35901dead64d10dd",
    "fr_0_6a7263e466e039af710e5ad5d4282025f7b5a30b",
    "fr_6_c2dcd5a488fd0bda15f2fc9470786e97316c8c61",
    "fr_0_cf2baa50922d242c4071e4c980fb7f8f9c2505d8",
    "fr_1_f53682ee55cead8b7e9d479c494888bdef637281",
    "fr_44_245b59fd29a085f34c8052f7fb36488a3976c39a",
    "fr_258_64235b6fc7bcf3c2b47abf577c58a8d015562e4c",
    "fr_42_42b3d076cefc4eed565554910803b673ee136a8a",
    "fr_41_5182475ef8dd4dc22182f6430bc81a6e84dfb591",
    "fr_0_16ba6362f1e2d80c688608cfcf4cc16877698f2a",
    "fr_4_aefb10ae33e8b6b7c5c6b91961792cdec4df84b7",
    "fr_0_f075f1bab131516731b45e26a563129354adf8fb",
    "fr_1_070bfdcf3d5288e98277ad9c0307c223e51dfa2f",
    "fr_28_b28206144e23cc089f934a3a5f8f828e62acb22a",
    "fr_30_69b1e5a1dfcd2cdea516fc963661c939a68832d1",
    "fr_9_24e14f69cd4ba71d2dcbddc7c960fd5c745fd790",
    "fr_0_9a26388de13b0c01b98f8c5b9f44bc6042b2a5de",
    "fr_13_bd554418175a0982556171d60602ece1d13c9cf5",
    "fr_43_16468e295e2eaa7652cfcaffd809b23e483c0f36",
    "fr_53_bdef1391a72c22cac3bac4a2b6e3294f874855d2",
    "fr_1_03fe0d04a49c2f24a94ac42bca49646cd36a4a63",
    "fr_2_3b30da4f61b2b655025d9874cc97b761db4a9954",
    "it_4_a02e4052049fd11e44f698520c65e29b65002301",
    "it_19_e924e48f038eeaa1b0c2d2a2a8fcb99e8ba17b7d",
    "it_45_4ba1c58250647a96fa75bcfd87db8f500b7103e1",
    "it_167_bffa629fa0ddc9bf5493e9d512101b32a9b27759",
    "it_11_9594700a59a4faae93ee2c2a3d48c1b16960e6c2",
    "it_14_f10836d9094c0b4aea84296839e7caa10eeccd75",
    "it_30_b30c7c780781f26ef4757e4e3757e993fb576727",
    "it_60_839067386213e2b368aae3cfe173a881e9be5c10",
    "it_65_f2fdda2d621a04f9354b976c0f1359f811659624",
    "it_28_311fbf4a32da96605c88db8b987a6fa0f045e4da",
    "it_32_afbe4bd77b35119d1c2b8aac7698848f01a8ab4e",
    "it_2_a4c7f9f1999a770d8069bcafba367eaaea6121be",
    "it_63_81bddf4c35e73ad363780c1e6c36f92b38de0c31",
    "it_0_2c72b65e20063ff32cd9d55ec5374b9c568c7933",
    "it_27_4ad06f8513c8885f0fe07ad54ff13fce522e923e",
    "it_69_42b5222a3cb88d3fc9622d8b49c8a2b96eef36b1",
    "it_22_46c3bcedbfd22c110e70f1d1dac860187a42953e",
    "it_15_b0d171ff4f389d502bf4882602a76446f80005c9",
    "it_7_89b2da6d03f8c6690c77b5935b002eb352e6369a",
    "it_0_81cbbf2855204646e8194e6153361c06f7fdff53"
  ],